<?xml version="1.0" encoding="UTF-8"?>
<metadata xml:lang="en"><Esri><CreaDate>20110523</CreaDate><CreaTime>15563700</CreaTime><SyncOnce>FALSE</SyncOnce><DataProperties><lineage><Process Name="Create Feature Class" ToolSource="C:\Program Files\ArcGIS\ArcToolbox\Toolboxes\Data Management Tools.tbx\CreateFeatureclass" Date="20050523" Time="104201">CreateFeatureclass "C:\Documents and Settings\benright.PLANNING\My Documents\GIS\GIS_2003\Shape_Files\NHoods" nhoods # nhoods_Layer SAME_AS_TEMPLATE SAME_AS_TEMPLATE "PROJCS['NAD_1983_StatePlane_Rhode_Island_FIPS_3800_Feet',GEOGCS['GCS_North_American_1983',DATUM['D_North_American_1983',SPHEROID['GRS_1980',6378137.0,298.257222101]],PRIMEM['Greenwich',0.0],UNIT['Degree',0.0174532925199433]],PROJECTION['Transverse_Mercator'],PARAMETER['False_Easting',328083.3333333333],PARAMETER['False_Northing',0.0],PARAMETER['Central_Meridian',-71.5],PARAMETER['Scale_Factor',0.99999375],PARAMETER['Latitude_Of_Origin',41.08333333333334],UNIT['Foot_US',0.3048006096012192]];300000.000000 200000.000000 16000.000000;0.000000 100000.000000;0.000000 100000.000000" # 0 0 0 "C:\Documents and Settings\benright.PLANNING\My Documents\GIS\GIS_2003\Shape_Files\NHoods\nhoods.shp"</Process><Process Name="Append" ToolSource="C:\Program Files\ArcGIS\ArcToolbox\Toolboxes\Data Management Tools.tbx\Append" Date="20050523" Time="104201">Append nhoods_Layer "C:\Documents and Settings\benright.PLANNING\My Documents\GIS\GIS_2003\Shape_Files\NHoods\nhoods.shp" TEST "C:\Documents and Settings\benright.PLANNING\My Documents\GIS\GIS_2003\Shape_Files\NHoods\nhoods.shp"</Process><Process Name="FeatureClassToFeatureClass_1" ToolSource="C:\Program Files\ArcGIS\ArcToolbox\Toolboxes\Conversion Tools.tbx\FeatureClassToFeatureClass" Date="20050523" Time="104201">FeatureClassToFeatureClass "C:\Documents and Settings\benright.PLANNING\My Documents\GIS\GIS_2003\City of Providence.mdb\Neigborhoods\nhoods" "C:\Documents and Settings\benright.PLANNING\My Documents\GIS\GIS_2003\Shape_Files\NHoods" nhoods # "LNAME LNAME VISIBLE;Shape_Length Shape_Leng VISIBLE;Shape_Area Shape_Area VISIBLE" SAME_AS_TEMPLATE SAME_AS_TEMPLATE # 0 "C:\Documents and Settings\benright.PLANNING\My Documents\GIS\GIS_2003\Shape_Files\NHoods\nhoods.shp"</Process><Process ToolSource="C:\Program Files\ArcGIS\ArcToolbox\Toolboxes\Conversion Tools.tbx\FeatureClassToFeatureClass" Date="20100810" Time="142517">FeatureClassToFeatureClass Y:\Shapfiles\ShapfileUpdates\NeighborhoodBoundary2010.shp "Database Connections\Connection to gis_server.sde\sde.SDE.Administrative Area" Nhoods # "LNAME 'LNAME' true true false 22 Text 0 0 ,First,#,Y:\Shapfiles\ShapfileUpdates\NeighborhoodBoundary2010.shp,LNAME,-1,-1;Shape_Leng 'Shape_Leng' true true false 19 Double 11 18 ,First,#,Y:\Shapfiles\ShapfileUpdates\NeighborhoodBoundary2010.shp,Shape_Leng,-1,-1;Shape_Area 'Shape_Area' true true false 19 Double 11 18 ,First,#,Y:\Shapfiles\ShapfileUpdates\NeighborhoodBoundary2010.shp,Shape_Area,-1,-1;Acres 'Acres' true true false 19 Double 0 0 ,First,#,Y:\Shapfiles\ShapfileUpdates\NeighborhoodBoundary2010.shp,Acres,-1,-1" # "Database Connections\Connection to gis_server.sde\sde.SDE.Administrative Area\sde.SDE.Nhoods"</Process><Process ToolSource="C:\Program Files\ArcGIS\Desktop10.0\ArcToolbox\Toolboxes\Conversion Tools.tbx\FeatureClassToFeatureClass" Date="20110225" Time="112726">FeatureClassToFeatureClass "Database Connections\Connection to gis_server.sde\sde.SDE.Administrative Area\sde.SDE.Nhoods" C:\Temp Neighborhoods.shp # "LNAME "LNAME" true true false 22 Text 0 0 ,First,#,Database Connections\Connection to gis_server.sde\sde.SDE.Administrative Area\sde.SDE.Nhoods,LNAME,-1,-1" #</Process><Process ToolSource="C:\Program Files\ArcGIS\Desktop10.0\ArcToolbox\Toolboxes\Conversion Tools.tbx\FeatureClassToFeatureClass" Date="20110225" Time="131955">FeatureClassToFeatureClass C:\Temp\Neighborhoods.shp C:\Temp\Hoods.mdb Nhoods # "LNAME "LNAME" true true false 22 Text 0 0 ,First,#,C:\Temp\Neighborhoods.shp,LNAME,-1,-1" #</Process><Process ToolSource="C:\Program Files\ArcGIS\Desktop10.0\ArcToolbox\Toolboxes\Conversion Tools.tbx\FeatureClassToFeatureClass" Date="20110225" Time="132430">FeatureClassToFeatureClass C:\Temp\Hoods.mdb\Nhoods C:\Temp\Hoods.mdb\hoods hoods1 # "LNAME "LNAME" true true false 22 Text 0 0 ,First,#,C:\Temp\Hoods.mdb\Nhoods,LNAME,-1,-1;Shape_Length "Shape_Length" false true true 8 Double 0 0 ,First,#,C:\Temp\Hoods.mdb\Nhoods,Shape_Length,-1,-1;Shape_Area "Shape_Area" false true true 8 Double 0 0 ,First,#,C:\Temp\Hoods.mdb\Nhoods,Shape_Area,-1,-1" #</Process><Process ToolSource="C:\Program Files\ArcGIS\Desktop10.0\ArcToolbox\Toolboxes\Conversion Tools.tbx\FeatureClassToFeatureClass" Date="20110225" Time="155932">FeatureClassToFeatureClass C:\Temp\Hoods.mdb\hoods\hoods1 C:\Temp Neighborhoods_v1.shp # "LNAME "LNAME" true true false 22 Text 0 0 ,First,#,C:\Temp\Hoods.mdb\hoods\hoods1,LNAME,-1,-1;Shape_Leng "Shape_Length" false true true 8 Double 0 0 ,First,#,C:\Temp\Hoods.mdb\hoods\hoods1,Shape_Length,-1,-1;Shape_Area "Shape_Area" false true true 8 Double 0 0 ,First,#,C:\Temp\Hoods.mdb\hoods\hoods1,Shape_Area,-1,-1" #</Process><Process ToolSource="C:\Program Files (x86)\ArcGIS\Desktop10.0\ArcToolbox\Toolboxes\Analysis Tools.tbx\Erase" Date="20110405" Time="094023">Erase Neighborhoods coastline_with_islands_removed "P:\WORK\Jessica\Checking 2010 Blocks\Neighborhoods\Neighborhoods_WaterErased.shp" #</Process></lineage><itemProps><itemName Sync="TRUE">Neighborhoods_WaterErased</itemName><imsContentType Sync="TRUE">002</imsContentType><itemSize Sync="TRUE">0.000</itemSize><itemLocation><linkage Sync="TRUE">file://\\tppfile\Data\WORK\Jessica\Checking 2010 Blocks\Neighborhoods\Neighborhoods_WaterErased.shp</linkage><protocol Sync="TRUE">Local Area Network</protocol></itemLocation></itemProps><coordRef><type Sync="TRUE">Projected</type><geogcsn Sync="TRUE">GCS_North_American_1983</geogcsn><projcsn Sync="TRUE">NAD_1983_StatePlane_Rhode_Island_FIPS_3800_Feet</projcsn><peXml Sync="TRUE">&lt;ProjectedCoordinateSystem xsi:type='typens:ProjectedCoordinateSystem' xmlns:xsi='http://www.w3.org/2001/XMLSchema-instance' xmlns:xs='http://www.w3.org/2001/XMLSchema' xmlns:typens='http://www.esri.com/schemas/ArcGIS/10.0'&gt;&lt;WKT&gt;PROJCS[&amp;quot;NAD_1983_StatePlane_Rhode_Island_FIPS_3800_Feet&amp;quot;,GEOGCS[&amp;quot;GCS_North_American_1983&amp;quot;,DATUM[&amp;quot;D_North_American_1983&amp;quot;,SPHEROID[&amp;quot;GRS_1980&amp;quot;,6378137.0,298.257222101]],PRIMEM[&amp;quot;Greenwich&amp;quot;,0.0],UNIT[&amp;quot;Degree&amp;quot;,0.0174532925199433]],PROJECTION[&amp;quot;Transverse_Mercator&amp;quot;],PARAMETER[&amp;quot;False_Easting&amp;quot;,328083.3333333333],PARAMETER[&amp;quot;False_Northing&amp;quot;,0.0],PARAMETER[&amp;quot;Central_Meridian&amp;quot;,-71.5],PARAMETER[&amp;quot;Scale_Factor&amp;quot;,0.99999375],PARAMETER[&amp;quot;Latitude_Of_Origin&amp;quot;,41.08333333333334],UNIT[&amp;quot;Foot_US&amp;quot;,0.3048006096012192],AUTHORITY[&amp;quot;EPSG&amp;quot;,3438]]&lt;/WKT&gt;&lt;XOrigin&gt;-18120300&lt;/XOrigin&gt;&lt;YOrigin&gt;-47742100&lt;/YOrigin&gt;&lt;XYScale&gt;137242312.64623272&lt;/XYScale&gt;&lt;ZOrigin&gt;-100000&lt;/ZOrigin&gt;&lt;ZScale&gt;10000&lt;/ZScale&gt;&lt;MOrigin&gt;-100000&lt;/MOrigin&gt;&lt;MScale&gt;10000&lt;/MScale&gt;&lt;XYTolerance&gt;0.0032808333333333335&lt;/XYTolerance&gt;&lt;ZTolerance&gt;0.001&lt;/ZTolerance&gt;&lt;MTolerance&gt;0.001&lt;/MTolerance&gt;&lt;HighPrecision&gt;true&lt;/HighPrecision&gt;&lt;WKID&gt;3438&lt;/WKID&gt;&lt;/ProjectedCoordinateSystem&gt;</peXml></coordRef></DataProperties><SyncDate>20110524</SyncDate><SyncTime>10101300</SyncTime><ModDate>20110524</ModDate><ModTime>10101300</ModTime><ArcGISFormat>1.0</ArcGISFormat></Esri><idinfo><citation><citeinfo><onlink Sync="TRUE">\\tppfile\DataWarehouse\ProvPlan\InfoGroup\neighborhoods_2011.shp</onlink><origin>REQUIRED: The name of an organization or individual that developed the data set.</origin><pubdate>REQUIRED: The date when the data set is published or otherwise made available for release.</pubdate><title Sync="TRUE">neighborhoods_2011</title><ftname Sync="TRUE">neighborhoods_2011</ftname><geoform Sync="TRUE">vector digital data</geoform></citeinfo></citation><native Sync="TRUE">Microsoft Windows Vista Version 6.1 (Build 7600) ; ESRI ArcCatalog 9.3.0.1770</native><descript><langdata Sync="TRUE">en</langdata><abstract>REQUIRED: A brief narrative summary of the data set.</abstract><purpose>REQUIRED: A summary of the intentions with which the data set was developed.</purpose></descript><timeperd><current>REQUIRED: The basis on which the time period of content information is determined.</current><timeinfo><sngdate><caldate>REQUIRED: The year (and optionally month, or month and day) for which the data set corresponds to the ground.</caldate></sngdate></timeinfo></timeperd><status><progress>REQUIRED: The state of the data set.</progress><update>REQUIRED: The frequency with which changes and additions are made to the data set after the initial data set is completed.</update></status><spdom><bounding><westbc Sync="TRUE">-71.472438</westbc><eastbc Sync="TRUE">-71.376468</eastbc><northbc Sync="TRUE">41.861846</northbc><southbc Sync="TRUE">41.772388</southbc></bounding><lboundng><leftbc Sync="TRUE">335601.819422</leftbc><rightbc Sync="TRUE">361733.968750</rightbc><bottombc Sync="TRUE">251097.997992</bottombc><topbc Sync="TRUE">283673.386581</topbc></lboundng></spdom><keywords><theme><themekt>REQUIRED: Reference to a formally registered thesaurus or a similar authoritative source of theme keywords.</themekt><themekey>REQUIRED: Common-use word or phrase used to describe the subject of the data set.</themekey></theme></keywords><accconst>REQUIRED: Restrictions and legal prerequisites for accessing the data set.</accconst><useconst>REQUIRED: Restrictions and legal prerequisites for using the data set after access is granted.</useconst><natvform Sync="TRUE">Shapefile</natvform></idinfo><distInfo><distributor><distorTran><onLineSrc><linkage Sync="TRUE">file://\\tppfile\DataWarehouse\ProvPlan\InfoGroup\neighborhoods_2011.shp</linkage><protocol Sync="TRUE">Local Area Network</protocol><orDesc Sync="TRUE">002</orDesc></onLineSrc><transSize Sync="TRUE">0.080</transSize></distorTran><distorFormat><formatName Sync="TRUE">Shapefile</formatName></distorFormat></distributor><distFormat><formatName Sync="TRUE">Shapefile</formatName></distFormat><distTranOps><transSize Sync="TRUE">0.000</transSize></distTranOps></distInfo><dataqual><lineage><procstep><procdesc Sync="TRUE">Dataset copied.</procdesc><srcused Sync="TRUE">C:\Documents and Settings\benright.PLANNING\my documents\GIS\GIS_2003\Shape_Files\NHoods\Nhoods_2005</srcused><date Sync="TRUE">20050622</date><time Sync="TRUE">10382300</time></procstep><procstep><procdesc Sync="TRUE">Dataset copied.</procdesc><srcused Sync="TRUE"></srcused><date Sync="TRUE">20050628</date><time Sync="TRUE">14450300</time></procstep><procstep><procdesc Sync="TRUE">Dataset copied.</procdesc><srcused Sync="TRUE"></srcused><procdate Sync="TRUE">20100708</procdate><proctime Sync="TRUE">14135500</proctime></procstep><procstep><procdesc Sync="TRUE">Dataset moved.</procdesc><srcused Sync="TRUE">Y:\Shapfiles\Neighborhoods\NeighborhoodBoundary2010</srcused><procdate Sync="TRUE">20100729</procdate><proctime Sync="TRUE">12001100</proctime></procstep></lineage></dataqual><dataIdInfo><envirDesc Sync="TRUE">Microsoft Windows Vista Version 6.1 (Build 7600) ; ESRI ArcCatalog 9.3.0.1770</envirDesc><dataLang><languageCode Sync="TRUE" value="en" country="USA"></languageCode></dataLang><idCitation><resTitle Sync="TRUE">neighborhoods_2011</resTitle><presForm><PresFormCd Sync="TRUE" value="005"></PresFormCd></presForm></idCitation><spatRpType><SpatRepTypCd Sync="TRUE" value="001"></SpatRepTypCd></spatRpType><descKeys><thesaName uuidref="723f6998-058e-11dc-8314-0800200c9a66"></thesaName><keyword Sync="TRUE">002</keyword></descKeys><dataExt><geoEle><GeoBndBox esriExtentType="native"><westBL Sync="TRUE">335601.819422</westBL><eastBL Sync="TRUE">361733.96875</eastBL><northBL Sync="TRUE">283673.386581</northBL><southBL Sync="TRUE">251097.997992</southBL><exTypeCode Sync="TRUE">1</exTypeCode></GeoBndBox></geoEle></dataExt><geoBox esriExtentType="decdegrees"><westBL Sync="TRUE">-71.472438</westBL><eastBL Sync="TRUE">-71.376468</eastBL><northBL Sync="TRUE">41.861846</northBL><southBL Sync="TRUE">41.772388</southBL><exTypeCode Sync="TRUE">1</exTypeCode></geoBox></dataIdInfo><metainfo><langmeta Sync="TRUE">en</langmeta><metstdn Sync="TRUE">FGDC Content Standards for Digital Geospatial Metadata</metstdn><metstdv Sync="TRUE">FGDC-STD-001-1998</metstdv><mettc Sync="TRUE">local time</mettc><metc><cntinfo><cntorgp><cntper>REQUIRED: The person responsible for the metadata information.</cntper><cntorg>REQUIRED: The organization responsible for the metadata information.</cntorg></cntorgp><cntaddr><addrtype>REQUIRED: The mailing and/or physical address for the organization or individual.</addrtype><city>REQUIRED: The city of the address.</city><state>REQUIRED: The state or province of the address.</state><postal>REQUIRED: The ZIP or other postal code of the address.</postal></cntaddr><cntvoice>REQUIRED: The telephone number by which individuals can speak to the organization or individual.</cntvoice></cntinfo></metc><metd Sync="TRUE">20110524</metd><metextns><onlink Sync="TRUE">http://www.esri.com/metadata/esriprof80.html</onlink><metprof Sync="TRUE">ESRI Metadata Profile</metprof></metextns></metainfo><mdLang><languageCode Sync="TRUE" value="en"></languageCode></mdLang><mdStanName Sync="TRUE">ISO 19115 Geographic Information - Metadata</mdStanName><mdStanVer Sync="TRUE">DIS_ESRI1.0</mdStanVer><mdChar><CharSetCd Sync="TRUE" value="004"></CharSetCd></mdChar><mdHrLv><ScopeCd Sync="TRUE" value="005"></ScopeCd></mdHrLv><mdHrLvName Sync="TRUE">dataset</mdHrLvName><distinfo><resdesc Sync="TRUE">Downloadable Data</resdesc><stdorder><digform><digtinfo><transize Sync="TRUE">0.080</transize><dssize Sync="TRUE">0.080</dssize></digtinfo></digform></stdorder></distinfo><spdoinfo><direct Sync="TRUE">Vector</direct><ptvctinf><esriterm Name="neighborhoods_2011"><efeatyp Sync="TRUE">Simple</efeatyp><efeageom Sync="TRUE">Polygon</efeageom><esritopo Sync="TRUE">FALSE</esritopo><efeacnt Sync="TRUE">25</efeacnt><spindex Sync="TRUE">TRUE</spindex><linrefer Sync="TRUE">FALSE</linrefer></esriterm><sdtsterm Name="neighborhoods_2011"><sdtstype Sync="TRUE">G-polygon</sdtstype><ptvctcnt Sync="TRUE">25</ptvctcnt></sdtsterm></ptvctinf></spdoinfo><spref><horizsys><cordsysn><geogcsn Sync="TRUE">GCS_North_American_1983</geogcsn><projcsn Sync="TRUE">NAD_1983_StatePlane_Rhode_Island_FIPS_3800_Feet</projcsn></cordsysn><planar><planci><plance Sync="TRUE">coordinate pair</plance><plandu Sync="TRUE">survey feet</plandu><coordrep><absres Sync="TRUE">0.000000</absres><ordres Sync="TRUE">0.000000</ordres></coordrep></planci><mapproj><mapprojn Sync="TRUE">Transverse Mercator</mapprojn><transmer><sfctrmer Sync="TRUE">0.999994</sfctrmer><longcm Sync="TRUE">-71.500000</longcm><latprjo Sync="TRUE">41.083333</latprjo><feast Sync="TRUE">328083.333333</feast><fnorth Sync="TRUE">0.000000</fnorth></transmer></mapproj></planar><geodetic><horizdn Sync="TRUE">North American Datum of 1983</horizdn><ellips Sync="TRUE">Geodetic Reference System 80</ellips><semiaxis Sync="TRUE">6378137.000000</semiaxis><denflat Sync="TRUE">298.257222</denflat></geodetic></horizsys><vertdef><altsys><altenc Sync="TRUE">Explicit elevation coordinate included with horizontal coordinates</altenc><altres Sync="TRUE">1.000000</altres></altsys></vertdef></spref><refSysInfo><RefSystem><refSysID><identCode Sync="TRUE" code="3438">NAD_1983_StatePlane_Rhode_Island_FIPS_3800_Feet</identCode><idCodeSpace Sync="TRUE">EPSG</idCodeSpace><idVersion Sync="TRUE">7.4.1</idVersion></refSysID></RefSystem></refSysInfo><spatRepInfo><VectSpatRep><topLvl><TopoLevCd Sync="TRUE" value="001"></TopoLevCd></topLvl><geometObjs Name="neighborhoods_2011"><geoObjTyp><GeoObjTypCd Sync="TRUE" value="001"></GeoObjTypCd></geoObjTyp><geoObjCnt Sync="TRUE">25</geoObjCnt></geometObjs></VectSpatRep></spatRepInfo><eainfo><detailed Name="neighborhoods_2011"><enttyp><enttypl Sync="TRUE">neighborhoods_2011</enttypl><enttypt Sync="TRUE">Feature Class</enttypt><enttypc Sync="TRUE">25</enttypc></enttyp><attr><attrlabl Sync="TRUE">FID</attrlabl><attalias Sync="TRUE">FID</attalias><attrtype Sync="TRUE">OID</attrtype><attwidth Sync="TRUE">4</attwidth><atprecis Sync="TRUE">0</atprecis><attscale Sync="TRUE">0</attscale><attrdef Sync="TRUE">Internal feature number.</attrdef><attrdefs Sync="TRUE">ESRI</attrdefs><attrdomv><udom Sync="TRUE">Sequential unique whole numbers that are automatically generated.</udom></attrdomv></attr><attr><attrlabl Sync="TRUE">LNAME</attrlabl><attalias Sync="TRUE">LNAME</attalias><attrtype Sync="TRUE">String</attrtype><attwidth Sync="TRUE">22</attwidth></attr><attr><attrlabl Sync="TRUE">Shape</attrlabl><attalias Sync="TRUE">Shape</attalias><attrtype Sync="TRUE">Geometry</attrtype><attwidth Sync="TRUE">0</attwidth><atprecis Sync="TRUE">0</atprecis><attscale Sync="TRUE">0</attscale><attrdef Sync="TRUE">Feature geometry.</attrdef><attrdefs Sync="TRUE">ESRI</attrdefs><attrdomv><udom Sync="TRUE">Coordinates defining the features.</udom></attrdomv></attr><attr><attrlabl Sync="TRUE">Shape_Leng</attrlabl><attalias Sync="TRUE">Shape_Leng</attalias><attrtype Sync="TRUE">Float</attrtype><attwidth Sync="TRUE">19</attwidth><atnumdec Sync="TRUE">11</atnumdec></attr><attr><attrlabl Sync="TRUE">Shape_Area</attrlabl><attalias Sync="TRUE">Shape_Area</attalias><attrtype Sync="TRUE">Float</attrtype><attwidth Sync="TRUE">19</attwidth><attrdef Sync="TRUE">Area of feature in internal units squared.</attrdef><attrdefs Sync="TRUE">ESRI</attrdefs><attrdomv><udom Sync="TRUE">Positive real numbers that are automatically generated.</udom></attrdomv><atnumdec Sync="TRUE">11</atnumdec></attr></detailed></eainfo><mdDateSt Sync="TRUE">20110524</mdDateSt></metadata>
